,skill_id,name
0,474,"""Excuse Me, Are You a Zoat?"""
1,527,"""Then I Started Blastin'!"""
2,449,+AG
3,450,+AV
4,451,+MA
5,452,+PA
6,453,+ST
7,499,A Sneaky Pair
8,397,Accurate
9,498,All You Can Eat
10,423,Always Hungry
11,421,Animal Savagery
12,422,Animosity
13,409,Arm Bar
14,495,Baleful Hex
15,424,Ball & Chain
16,492,Beer Barrel Bash!
17,385,Big Hand
18,510,Black Ink
19,487,Blast it!
20,478,Blind Rage
21,373,Block
22,512,Bloodlust
23,425,Bombardier
24,426,Bone Head
25,520,Bounding Leap
26,410,Brawler
27,411,Break Tackle
28,525,Breathe Fire
29,477,Brutal Block
30,489,Bugman's XXXXXX
31,470,Burst of Speed
32,398,Cannoneer
33,361,Catch
34,519,Catch of the Day
35,427,Chainsaw
36,386,Claws
37,399,Cloud Burster
38,462,Consummate Professional
39,524,"Crown of Sand (+ST, Decay, Regeneration)"
40,468,Crushing Blow
41,374,Dauntless
42,428,Decay
43,365,Defensive
44,375,Dirty Player
45,387,Disturbing Presence
46,362,Diving Catch
47,363,Diving Tackle
48,364,Dodge
49,522,Dragon Helmet (+AV)
50,485,Drunkard
51,400,Dump-off
52,511,Dwarfen Scourge
53,388,Extra Arms
54,376,Fend
55,389,Foul Appearance
56,458,Frenzied Rush
57,377,Frenzy
58,401,Fumblerooskie
59,480,Fury of the Blood God
60,475,Ghostly Flames
61,479,Gored by the Bull
62,412,Grab
63,521,Griffin Greaves (Jump Up)
64,509,Grotty Weapon (Ball & Chain)
65,413,Guard
66,402,Hail Mary Pass
67,497,Halfling Luck
68,507,Helmet of VesaeLaer (Thick Skull)
69,493,Hit and Run
70,390,Horns
71,429,Hypnotic Gaze
72,482,I'll Be Back!
73,461,Incorporeal
74,466,Indomitable
75,391,Iron Hard Skin
76,508,Ithilmir Armour (Sprint)
77,414,Juggernaut
78,366,Jump Up
79,484,Kaboom!
80,488,Keen Player
81,378,Kick
82,502,Kick 'em while they're down!
83,430,Kick Team-mate
84,403,Leader
85,367,Leap
86,431,Loner
87,494,Look into My Eyes
88,467,Lord of Chaos
89,515,Master Assassin
90,481,Maximum Carnage
91,457,Mesmerizing Dance
92,415,Mighty Blow
93,392,Monstrous Mouth
94,416,Multiple Block
95,517,My Ball
96,404,Nerves of Steel
97,432,No Hands
98,465,Old Pro
99,405,On the Ball
100,406,Pass
101,486,Pick-me-up
102,417,Pile Driver
103,433,Plague Ridden
104,434,Pogo Stick
105,393,Prehensile Tail
106,496,Primal Savagery
107,379,Pro
108,435,Projectile Vomit
109,491,Pump Up the Crowd
110,500,Putrid Regurgitation
111,490,Raiding Party
112,471,Ram
113,436,Really Stupid
114,437,Regeneration
115,456,Reliable
116,438,Right Stuff
117,407,Running Pass
118,368,Safe Pair of Hands
119,408,Safe Pass
120,476,Savage Mauling
121,439,Secret Weapon
122,380,Shadowing
123,459,Shot to Nothing
124,369,Side Step
125,463,Slayer
126,455,Sneakiest of the Lot
127,370,Sneaky Git
128,371,Sprint
129,440,Stab
130,418,Stand Firm
131,514,Star of the Show
132,381,Strip Ball
133,419,Strong Arm
134,472,Strong Passing Game
135,441,Stunty
136,372,Sure Feet
137,382,Sure Hands
138,442,Swarming
139,523,Swift as the Breeze
140,518,Swift as the Breeze
141,443,Swoop
142,383,Tackle
143,444,Take Root
144,513,Tasty Morsel
145,394,Tentacles
146,469,The Ballista
147,420,Thick Skull
148,501,Thinking Man's Troll
149,447,Throw Team-mate
150,446,Timmm-ber!
151,445,Titchy
152,528,Toxin Connoisseur
153,464,Treacherous
154,516,Trickster
155,460,Two for One
156,395,Two Heads
157,448,Unchannelled Fury
158,526,Unstoppable Momentum
159,396,Very Long Legs
160,506,Warpstone Mutation (Claws)
161,505,Warpstone Mutation (Very Long Legs)
162,504,Watch Out!
163,483,Whirling Dervish
164,473,Wisdom of the White Dwarf
165,384,Wrestle
166,503,Yoink!
0,52,+AG
1,159,+AV
2,54,+MA
3,53,+ST
4,119,Accurate
5,136,Always Hungry
6,170,Animosity
7,137,Ball & Chain
8,126,Big Hand
9,85,Block
10,138,Blood Lust
11,139,Bombardier
12,140,Bone-head
13,109,Break Tackle
14,99,Catch
15,141,Chainsaw
16,127,Claw
17,86,Dauntless
18,142,Decay
19,87,Dirty Player
20,356,Disposable
21,128,Disturbing Presence
22,100,Diving Catch
23,101,Diving Tackle
24,102,Dodge
25,120,Dump-Off
26,129,Extra Arms
27,143,Fan Favourite
28,88,Fend
29,130,Foul Appearance
30,89,Frenzy
31,110,Grab
32,111,Guard
33,121,Hail Mary Pass
34,131,Horns
35,144,Hypnotic Gaze
36,112,Juggernaut
37,103,Jump Up
38,90,Kick
39,358,Kick Team-Mate
40,91,Kick-Off Return
41,122,Leader
42,104,Leap
43,145,Loner
44,113,Mighty Blow
45,206,Monstrous Mouth
46,114,Multiple Block
47,123,Nerves Of Steel
48,146,No Hands
49,147,Nurgle's Rot
50,124,Pass
51,92,Pass Block
52,115,Piling On
53,132,Prehensile Tail
54,93,Pro
55,148,Really Stupid
56,149,Regeneration
57,150,Right Stuff
58,125,Safe Throw
59,151,Secret Weapon
60,94,Shadowing
61,105,Side Step
62,106,Sneaky Git
63,107,Sprint
64,152,Stab
65,153,Stakes
66,116,Stand Firm
67,95,Strip Ball
68,117,Strong Arm
69,154,Stunty
70,108,Sure Feet
71,96,Sure Hands
72,454,Swarming
73,352,Swoop
74,97,Tackle
75,155,Take Root
76,133,Tentacles
77,118,Thick Skull
78,156,Throw Team-Mate
79,201,Timmm-ber!
80,157,Titchy
81,353,"Trademark Stilts (Leap, Very Long Legs)"
82,134,Two Heads
83,135,Very Long Legs
84,202,Weeping Dagger
85,158,Wild Animal
86,98,Wrestle
87,349,+AG
88,351,+MA
89,350,+ST
90,306,Accurate
91,323,Always Hungry
92,345,Animosity
93,324,Ball & Chain
94,193,"Banner of Champions (Fan Favourite, Leader, Mighty Blow, +AV)"
95,313,Big Hand
96,273,Block
97,325,Blood Lust
98,326,Bombardier
99,327,Bone-head
100,165,"Boots of Var Cor (Leap, Dirty Player)"
101,166,Bracers of VasaeLaer (Stand Firm)
102,296,Break Tackle
103,286,Catch
104,328,Chainsaw
105,314,Claw
106,179,"Crown of Sand (+ST, Decay)"
107,209,"Crown of Sand (+ST, Leader, Regeneration)"
108,354,"Crown of Sand (+ST, Leader)"
109,195,"Curious Cuirass (Disturbing Presence, Hypnotic Gaze, Bone-Head)"
110,274,Dauntless
111,329,Decay
112,275,Dirty Player
113,357,Disposable
114,315,Disturbing Presence
115,287,Diving Catch
116,288,Diving Tackle
117,289,Dodge
118,80,Dragon Helmet (+AV)
119,186,"Drunken Goblin Boot Ale (Tackle, Bone-head)"
120,307,Dump-Off
121,316,Extra Arms
122,184,Fan Favourite
123,276,Fend
124,317,Foul Appearance
125,277,Frenzy
126,199,"Fried Goblin Stew (Frenzy, Catch)"
127,185,"Fried Jungleberry Bundt Cake (+ST, Really Stupid)"
128,194,"Gloves of Almost Thievery (+AG, Strip Ball, No Hands)"
129,176,Gloves of Calostas (Diving Catch)
130,297,Grab
131,79,Griffin Boots (Leap)
132,160,Griffin Bracers (+AG)
133,161,Griffin Greaves (Jump Up)
134,208,"Grotty Weapon (Ball & Chain, No Hands, Secret Weapon)"
135,355,"Grotty Weapon (Bombardier, Secret Weapon)"
136,360,"Grotty Weapon (Chainsaw, Secret Weapon)"
137,207,"Grotty Weapon (Leap, Very Long Legs)"
138,298,Guard
139,308,Hail Mary Pass
140,188,Helmet of Fear (Foul Appearance)
141,171,Helmet of VasaeLaer (Thick Skull)
142,318,Horns
143,330,Hypnotic Gaze
144,78,Ithilmir Armour (Sprint)
145,299,Juggernaut
146,290,Jump Up
147,278,Kick
148,359,Kick Team-Mate
149,279,Kick-Off Return
150,309,Leader
151,291,Leap
152,331,Loner
153,173,"Loser's Crown (Tentacles, Take Root)"
154,300,Mighty Blow
155,348,Monstrous Mouth
156,301,Multiple Block
157,310,Nerves Of Steel
158,332,No Hands
159,333,Nurgle's Rot
160,198,"Ogre Fatback Stew (Wrestle, Mighty Blow)"
161,311,Pass
162,280,Pass Block
163,302,Piling On
164,319,Prehensile Tail
165,168,Pro
166,334,Really Stupid
167,335,Regeneration
168,336,Right Stuff
169,180,Ring of Amarth (Grab)
170,190,Ring of Nuffle (Fan Favourite)
171,187,"Roasted Troll Heart Stew (Dauntless, Foul Appearance, No Hands)"
172,312,Safe Throw
173,337,Secret Weapon
174,281,Shadowing
175,292,Side Step
176,293,Sneaky Git
177,200,"Snotling Mystery Stew (Dauntless, Pass)"
178,294,Sprint
179,338,Stab
180,339,Stakes
181,303,Stand Firm
182,282,Strip Ball
183,304,Strong Arm
184,340,Stunty
185,295,Sure Feet
186,283,Sure Hands
187,284,Tackle
188,341,Take Root
189,167,Talisman of Eilai (Two Heads)
190,320,Tentacles
191,305,Thick Skull
192,342,Throw Team-Mate
193,346,Timmm-ber!
194,343,Titchy
195,321,Two Heads
196,181,Ulthuan Bracers (Fend)
197,322,Very Long Legs
198,164,Warpstone Mutation (Big Hand)
199,162,Warpstone Mutation (Claw)
200,196,Warpstone Mutation (Disturbing Presence)
201,84,Warpstone Mutation (Extra Arms)
202,189,Warpstone Mutation (Foul Appearance)
203,203,Warpstone Mutation (Horns)
204,205,Warpstone Mutation (Horns)
205,204,Warpstone Mutation (Horns)
206,163,Warpstone Mutation (Prehensile Tail)
207,83,Warpstone Mutation (Spikes)
208,169,Warpstone Mutation (Tentacles)
209,81,Warpstone Mutation (Two Heads)
210,82,Warpstone Mutation (Very Long Legs)
211,347,Weeping Dagger
212,197,Wheel of Chaos Mutation (Big Hand)
213,191,Wheel of Chaos Mutation (Disturbing Presence)
214,192,Wheel of Chaos Mutation (Foul Appearance)
215,183,Wheel of Chaos Mutation (Horns)
216,177,Wheel of Chaos Mutation (Juggernaut)
217,175,Wheel of Chaos Mutation (Prehensile Tail)
218,174,Wheel of Chaos Mutation (Tentacles)
219,182,Wheel of Chaos Mutation (Two Heads)
220,178,Wheel of Chaos Mutation (Very Long Legs)
221,344,Wild Animal
222,172,"Winner's Crown (Extra Arms, Claw)"
223,285,Wrestle
